id,name,category,short_desc,description,phone,email,website,hours,address,featured,accent_color,tags,icon
1,"Queens Grill Restaurant & Bar",restaurant,"Family-friendly Caribbean fusion restaurant offering premium grilled dishes, handcrafted cocktails, and a vibrant tropical dining experience in Grenada..","Experience the true taste of Grenada at Queens Grill Restaurant & Bar. Luxury Caribbean fusion restaurant in Grenada featuring premium grilled meats, fresh seafood, signature cocktails, and an elegant tropical dining atmosphere.",+1-473-414-9803,queensgrillgrenada@gmail.com,https://exit473.com/bizsite/index.php?biz=queens-grill,"Wed - Mon 8am to midnight closed only on Tuesdays","Unit 1, Exit 473, St. George's",false,#8a7114,"Caribbean Fusion|Premium Grilled Meats|Fresh Seafood|Signature Cocktails|Elegant Tropical dining atmosphere Vegetarian options",👸🏾
2,"Tropical Squeeze",snack-bar,"Fresh made smoothies and fast casual foods","Enjoy the finest blends of local fruits, herbs and spices from a master artisan at the top of his game.",+14734049846,salsablu.chefs@gmail.com,https://exit473.com/bizsite/index.php?biz=tropical-squeeze,"Mon-Sat 10:00 am to 10:00 pm","Unit 2, Exit 473, St. George's",false,#01894e,"Local Fruits|Snack Bar|Herbs|Spices|Master Artisan",🍹
3,"Madras Dosa Corner Restaurant",restaurant,"Authentic south Indian cuisine, friendly family style service","Madras Dosa Corner has been delighting customers with authentic South Indian cuisine. Enjoy delightful dosas, biryani and many other South Indian vegetarian and non-vegetarian dishes.",+14734048203,salsablu.chefs@gmail.com,https://exit473.com/bizsite/index.php?biz=madras-dosa,"Mon-Sat 11:00 am to 10:30 pm (Reservations recommended)","Unit 4, Exit 473, St. George's",false,#d4e114,"Dosas|South Indian vegetarian|Non-vegetarian dishes|Friendly Family",🥻
4,"Champions Restaurant & Bar",restaurant,"A name that speaks for itself","The newest upstart at Exit 473, Champions promises service in keeping with then name and a unique menu with delicious Haitian influences.",,,https://exit473.com/bizsite/index.php?biz=champions,"Mon-Sat 10:00 am to 10:30 pm (Reservations recommended)","Unit 4, Exit 473, St. George's",false,#1565c0,"Unique Menu|Haitian",🐟
5,"Taste Jamaica Jerk",restaurant,"Bold Caribbean BBQ & wood-fired jerk","Taste Jamaica Jerk brings the fire! Our wood-fired grills and secret jerk seasoning recipe create bold smoky flavours that bring customers back again and again. Perfect for a quick casual meal or a full feast. Jerk chicken, ribs, fresh catch of the day, and all the island sides you could want.",+14734572166,salsablu.chefs@gmail.com,https://exit473.com/bizsite/index.php?biz=taste-jamaica,"Mon-Sat 10:00 am to 10:30 pm (Reservations recommended)","Unit 5, Exit 473, St. George's",true,#f5e10a,"Bold Caribbean BBQ|Jerk|Casual|Wood-fired jerk|Fresh catch of the day",🔥
6,"Soo Delicious Restaurant & Bar",restaurant,"Traditional Grenadian recipes with warmth & soul","Soo Delicious honours the deep food traditions of the Caribbean with warmth, generosity, and soulful flavour. The oil down is legendary and sells out fast! Family-friendly atmosphere, generous portions, and genuinely welcoming service that feels like home.",,,https://exit473.com/bizsite/index.php?biz=soo-delicious,"Mon-Sat 7:00 am to 10:30 pm (Reservations recommended)","Unit 6, Exit 473, St. George's",false,#e12114,"Traditional Grenadian|Welcoming Service|Oil Down|Family-friendly",☕
7,"Bamboo Junction",restaurant,"Caribbean fusion cuisine in a tropical setting","Bamboo Junction blends Caribbean culinary traditions with global influences creating exciting fusion dishes that celebrate Grenada's diverse heritage. Lush tropical décor and live music on Friday and Saturday nights make every visit an event. Creative cocktails, fresh juices, and a menu that changes with the season.",,,https://exit473.com/bizsite/index.php?biz=bamboo-junction,"Mon-Sat 10:00 am to 10:30 pm (Reservations recommended)","Unit 7, Exit 473, St. George's",false,#e65100,"Fusion|Caribbean|Live Music|Tropical Décor|Cocktails",🎍
9,"Josh Roti Shop",snack-bar,"Guyanese street food","Tasty Caribbean curried snacks with true Guyanese roots",,,https://exit473.com/bizsite/index.php?biz=josh-roti,"Mon-Sat 10:00 am to 10:30 pm (Reservations recommended)","Unit 9, Exit 473, St. George's",false,#37474f,"Snack Bar|Guyanese Street Food|Curried Snacks",🍹
10,"Fade Kingz Distributionz",retail,"Your trusted source for electronics, tools, cell phones, laptops, tablets, dash cams, accessories, and more.","Great prices on power tools and electronic gift items with a friendly customer service at its core.",+14734494488,fadekingzdistributionz@gmail.com,https://exit473.com/bizsite/index.php?biz=fade-king,"Mon-Sat 11:00 am to 6:00 pm","Unit 10, Exit 473, St. George's",true,#ff04ff,"Powering Your Future Piece by Piece.",
11,"Expressions Barbershop",barbershop,"Premium cuts & grooming for the modern gentleman","Expressions is combines old-school craftsmanship with contemporary style. Kendel delivers precision fades, classic hot towel shaves, beard sculpting, and bespoke styling. Walk-ins always welcome — appointments preferred to reduce your wait. Complimentary refreshments while you wait.",,,https://exit473.com/bizsite/index.php?biz=expression-barbershop,"Mon-Sat 10:00 am to 10:30 pm (Reservations recommended)|Closed Wednesday",,false,#0a0a0a,"Barbershop|Haircut|Precision Fade|Beard Grooming|Hot Shave",🪮
12,Decorum,local-craft,"The finest wooden craft from handmade from all local material.","Decorum celebrates the finest Grenadian crafts with amazing wooden gifts all handmade by Aaron.  His work is complimented by a range of items from local artisans all across the island",+14734203000,salsablu.chefs@gmail.com,#,,"HA Blaize Street",false,#e07c0b,"Local Craft|Wooden Gifts|Local Artisans",🪵
13,"The Perfume Stop",retail,"Broad selection of must-have designer fragrances","Excellent selection of designer fragrances at a pristine little green hut with big fragrances",,,https://exit473.com/bizsite/index.php?biz=perfume-shop,"Mon-Sat 10:00 am to 5:00 pm",,false,#129b22,"Designer Fragrances|Little Green Hut",🧴
14,"Felicias Nigerian Food",restaurant,"Coming Soon!!!!!!!!!","Coming Soon!!!!!!!!!",,,https://exit473.com/bizsite/index.php?biz=felicias-nigerian,,,false,#cc0000,,
15,"Wendys Organics",tea-shop,"Coming Soon!!!!!!!!!","Coming Soon!!!!!!!!!",,,#,,,false,#cc0000,Teashop,🫖
16,"La Galerie",cultural,"Art, Spice, Living lounge","Art, Spices, Living Lounge. All rolled into one mesmerizing space engineered to explore the heart and soul of Caribbean craft, food and culture",+14734037377,lagalerie.gd@gmail.com,https://exit473.com/bizsite/index.php?biz=la-galerie,"Mon-Wed 10:00 am to 6:00 pm","Exit 473, Maurice Bishop Highway, Grand Anse, St. George's",true,#ff9147,"Art|Spice|Living lounge|Exhibitions",🎭
17,"NVP (North-East Village Pulse) Calypso Tent",cultural,"Community-led cultural movement, nurturing talent & preserving heritage through calypso, music, performance, and community activity.","Northeast Village Pulse (NVP) is a community-led cultural movement rooted in Beaulieu and the surrounding communities of Northeast St. George’s. We aim to rebuild a culture of participation, mentorship, discipline, and community pride through calypso, music, performance, and community activity.

The Northeast was once one of the strongest forces in Grenada’s calypso tent tradition — known for talented performers, organized productions, and a deep sense of community spirit. NVP seeks to restore that energy while building new opportunities for the next generation.

We believe culture grows best when creativity is supported by structure, teamwork, consistency, and respect for the craft. Through events, mentorship, productions, and partnerships, we aim to create a lasting cultural platform for both the community and the wider Grenadian audience.","+1 (473) 449-3639",,"www.exit473.com/nvp calypso",,"Spice Basket Arena, Beaulieu St.George's",true,#126326,calypso|culture|music|community,
18,"Island Nights",restaurant,"Join us for an evening of food, art and conversation. We celebrate the familiar flavours of the Caribbean through a refined contemporary lens.","Join us for an intimate celebration of familiar Caribbean flavour, presented through a refined contemporary lens. 
  
Five thoughtfully crafted courses showcase the vibrant, flavorful and laid-back living that makes the Caribbean unique. The experience unfolds alongside art, music and shared conversation. A gathering that is as much about culture as it is about cuisine.

Island Nights is not just about a meal. It is a celebration of the foods we know, elevated with care and presented with pride.
  

Limited seating. Advance reservations required.",+4734037377,lagalerie.gd@gmail.com,"#exit473.com/island nights","Saturday only, 6pm to 9pm","Exit 473, Maurice Bishop Highway, Grand Anse, St. George's",true,#d1843b,"Tasting Menu|Caribbean|Art|Local dining|culture|Exhibition|FiveCourseDinner|La Galerie|Island Nights",
